year,month,rates_month,rates_year
1911,1,,5.2
1911,2,,5.2
1911,3,,5.2
1911,4,,5.2
1911,5,,5.2
1911,6,,5.2
1911,7,,5.2
1911,8,,5.2
1911,9,,5.2
1911,10,,5.2
1911,11,,5.2
1911,12,,5.2
1912,1,,3.4
1912,2,,3.4
1912,3,,3.4
1912,4,,3.4
1912,5,,3.4
1912,6,,3.4
1912,7,,3.4
1912,8,,3.4
1912,9,,3.4
1912,10,,3.4
1912,11,,3.4
1912,12,,3.4
1913,1,,1.1
1913,2,,1.1
1913,3,,1.1
1913,4,,1.1
1913,5,,1.1
1913,6,,1.1
1913,7,,1.1
1913,8,,1.1
1913,9,,1.1
1913,10,,1.1
1913,11,,1.1
1913,12,,1.1
1914,1,,-.7
1914,2,,-.7
1914,3,,-.7
1914,4,,-.7
1914,5,,-.7
1914,6,,-.7
1914,7,,-.7
1914,8,,-.7
1914,9,,-.7
1914,10,,-.7
1914,11,,-.7
1914,12,,-.7
1915,1,,5
1915,2,,5
1915,3,,5
1915,4,,5
1915,5,,5
1915,6,,5
1915,7,,5
1915,8,,5
1915,9,,5
1915,10,,5
1915,11,,5
1915,12,,5
1916,1,,6.2
1916,2,,6.2
1916,3,,6.2
1916,4,,6.2
1916,5,,6.2
1916,6,,6.2
1916,7,,6.2
1916,8,,6.2
1916,9,,6.2
1916,10,,6.2
1916,11,,6.2
1916,12,,6.2
1917,1,,9.699999999999999
1917,2,,9.699999999999999
1917,3,,9.699999999999999
1917,4,,9.699999999999999
1917,5,,9.699999999999999
1917,6,,9.699999999999999
1917,7,,9.699999999999999
1917,8,,9.699999999999999
1917,9,,9.699999999999999
1917,10,,9.699999999999999
1917,11,,9.699999999999999
1917,12,,9.699999999999999
1918,1,,6.8
1918,2,,6.8
1918,3,,6.8
1918,4,,6.8
1918,5,,6.8
1918,6,,6.8
1918,7,,6.8
1918,8,,6.8
1918,9,,6.8
1918,10,,6.8
1918,11,,6.8
1918,12,,6.8
1919,1,,10.6
1919,2,,10.6
1919,3,,10.6
1919,4,,10.6
1919,5,,10.6
1919,6,,10.6
1919,7,,10.6
1919,8,,10.6
1919,9,,10.6
1919,10,,10.6
1919,11,,10.6
1919,12,,10.6
1920,1,,23.9
1920,2,,23.9
1920,3,,23.9
1920,4,,23.9
1920,5,,23.9
1920,6,,23.9
1920,7,,23.9
1920,8,,23.9
1920,9,,23.9
1920,10,,23.9
1920,11,,23.9
1920,12,,23.9
1921,1,,-9.5
1921,2,,-9.5
1921,3,,-9.5
1921,4,,-9.5
1921,5,,-9.5
1921,6,,-9.5
1921,7,,-9.5
1921,8,,-9.5
1921,9,,-9.5
1921,10,,-9.5
1921,11,,-9.5
1921,12,,-9.5
1922,1,-23.7,-16.6
1922,2,-23,-16.6
1922,3,-21.8,-16.6
1922,4,-20.3,-16.6
1922,5,-19.6,-16.6
1922,6,-15.7,-16.6
1922,7,-15.1,-16.6
1922,8,-14.2,-16.6
1922,9,-12.8,-16.6
1922,10,-11.8,-16.6
1922,11,-10.9,-16.6
1922,12,-6,-16.6
1923,1,-5.3,-3
1923,2,-4.6,-3
1923,3,-4,-3
1923,4,-4.8,-3
1923,5,-4.2,-3
1923,6,-3.4,-3
1923,7,-3.3,-3
1923,8,-3.5,-3
1923,9,-1.6,-3
1923,10,-.7,-3
1923,11,-.2,-3
1923,12,.7,-3
1924,1,1.1,1.4
1924,2,1.9,1.4
1924,3,2.7,1.4
1924,4,2.7,1.4
1924,5,2.1,1.4
1924,6,1.5,1.4
1924,7,1.2,1.4
1924,8,1.5,1.4
1924,9,.8,1.4
1924,10,.3,1.4
1924,11,.2,1.4
1924,12,.5,1.4
1925,1,-.1,-.4
1925,2,-.7,-.4
1925,3,-.9,-.4
1925,4,-.1,-.4
1925,5,0,-.4
1925,6,.6,-.4
1925,7,.7,-.4
1925,8,.4,-.4
1925,9,0,-.4
1925,10,-.7,-.4
1925,11,-1.9,-.4
1925,12,-1.9,-.4
1926,1,-1.6,-1.5
1926,2,-1.3,-1.5
1926,3,-1.4,-1.5
1926,4,-2,-1.5
1926,5,-1.8,-1.5
1926,6,-2.2,-1.5
1926,7,-2.2,-1.5
1926,8,-1.9,-1.5
1926,9,-1.4,-1.5
1926,10,-.7,-1.5
1926,11,-.4,-1.5
1926,12,-1,-1.5
1927,1,-.5,.6
1927,2,-.5,.6
1927,3,-.4,.6
1927,4,-.1,.6
1927,5,.2,.6
1927,6,1.3,.6
1927,7,1.5,.6
1927,8,1.1,.6
1927,9,.6,.6
1927,10,.6,.6
1927,11,.7,.6
1927,12,2,.6
1928,1,1.4,0
1928,2,.8,0
1928,3,1,0
1928,4,.9,0
1928,5,.7,0
1928,6,-.5,0
1928,7,-.7,0
1928,8,-.5,0
1928,9,-.1,0
1928,10,-.7,0
1928,11,-.2,0
1928,12,-.7,0
1929,1,-.8,-.3
1929,2,-.4,-.3
1929,3,-.4,-.3
1929,4,-.1,-.3
1929,5,-.2,-.3
1929,6,.2,-.3
1929,7,.3,-.3
1929,8,0,-.3
1929,9,0,-.3
1929,10,-.3,-.3
1929,11,-1,-.3
1929,12,-1.2,-.3
1930,1,-1.2,-2.3
1930,2,-1.5,-2.3
1930,3,-2,-2.3
1930,4,-2.2,-2.3
1930,5,-2.2,-2.3
1930,6,-2,-2.3
1930,7,-2.3,-2.3
1930,8,-2.4,-2.3
1930,9,-3.5,-2.3
1930,10,-3.1,-2.3
1930,11,-2.7,-2.3
1930,12,-2.8,-2.3
1931,1,-2.7,-3.7
1931,2,-2.8,-3.7
1931,3,-3.7,-3.7
1931,4,-4,-3.7
1931,5,-3.7,-3.7
1931,6,-4.7,-3.7
1931,7,-4,-3.7
1931,8,-4,-3.7
1931,9,-3.4,-3.7
1931,10,-3.4,-3.7
1931,11,-3.7,-3.7
1931,12,-4.2,-3.7
1932,1,-4.6,-4.4
1932,2,-4.1,-4.4
1932,3,-3.9,-4.4
1932,4,-4.3,-4.4
1932,5,-4.7,-4.4
1932,6,-4.4,-4.4
1932,7,-4.7,-4.4
1932,8,-4.7,-4.4
1932,9,-4.5,-4.4
1932,10,-4.7,-4.4
1932,11,-4.5,-4.4
1932,12,-5,-4.4
1933,1,-6.4,-2.7
1933,2,-6.2,-2.7
1933,3,-5.1,-2.7
1933,4,-4.3,-2.7
1933,5,-3.9,-2.7
1933,6,-2.6,-2.7
1933,7,-2.3,-2.7
1933,8,-2.2,-2.7
1933,9,-1.4,-2.7
1933,10,.1,-2.7
1933,11,1,-2.7
1933,12,2.5,-2.7
1934,1,3.3,1.4
1934,2,2.9,1.4
1934,3,2.6,1.4
1934,4,2.5,1.4
1934,5,2.4,1.4
1934,6,1.4,1.4
1934,7,1.4,1.4
1934,8,1.8,1.4
1934,9,1,1.4
1934,10,0,1.4
1934,11,-1.2,1.4
1934,12,-1.5,1.4
1935,1,-.3,-.5
1935,2,-.1,-.5
1935,3,-.4,-.5
1935,4,-.5,-.5
1935,5,-.5,-.5
1935,6,0,-.5
1935,7,-.4,-.5
1935,8,-.8,-.5
1935,9,-.7,-.5
1935,10,-1.5,-.5
1935,11,-.8,-.5
1935,12,-.4,-.5
1936,1,0,.3
1936,2,-.2,.3
1936,3,0,.3
1936,4,.1,.3
1936,5,.1,.3
1936,6,0,.3
1936,7,.1,.3
1936,8,.2,.3
1936,9,.4,.3
1936,10,.8,.3
1936,11,1.2,.3
1936,12,1,.3
1937,1,.5,2.3
1937,2,.6,2.3
1937,3,1.5,2.3
1937,4,1.3,2.3
1937,5,1.4,2.3
1937,6,1.9,2.3
1937,7,2.3,2.3
1937,8,2.9,2.3
1937,9,3.3,2.3
1937,10,3.7,2.3
1937,11,3.7,2.3
1937,12,5.6,2.3
1938,1,6,3.6
1938,2,5.8,3.6
1938,3,5.1,3.6
1938,4,4.9,3.6
1938,5,4.9,3.6
1938,6,4,3.6
1938,7,3.5,3.6
1938,8,3.1,3.6
1938,9,2.7,3.6
1938,10,2.3,3.6
1938,11,1.5,3.6
1938,12,-.3,3.6
1939,1,-.8,-.1
1939,2,-.6,-.1
1939,3,-.1,-.1
1939,4,.2,-.1
1939,5,-.1,-.1
1939,6,-.3,-.1
1939,7,-.1,-.1
1939,8,-.3,-.1
1939,9,-.2,-.1
1939,10,-.1,-.1
1939,11,.5,-.1
1939,12,.8,-.1
1940,1,1.7,3.5
1940,2,2.3,3.5
1940,3,2.1,3.5
1940,4,2.3,3.5
1940,5,3,3.5
1940,6,3.6,3.5
1940,7,4,3.5
1940,8,4.2,3.5
1940,9,4.8,3.5
1940,10,5.5,3.5
1940,11,4.4,3.5
1940,12,4,3.5
1941,1,3.8,4.6
1941,2,3.3,4.6
1941,3,3.8,4.6
1941,4,4.2,4.6
1941,5,4.2,4.6
1941,6,4.4,4.6
1941,7,5.7,4.6
1941,8,5.2,4.6
1941,9,4.8,4.6
1941,10,4.4,4.6
1941,11,5.7,4.6
1941,12,5.9,4.6
1942,1,8.1,8.4
1942,2,8.5,8.4
1942,3,8.199999999999999,8.4
1942,4,7.8,8.4
1942,5,8.300000000000001,8.4
1942,6,9,8.4
1942,7,7.9,8.4
1942,8,8.1,8.4
1942,9,8.5,8.4
1942,10,8.9,8.4
1942,11,8.800000000000001,8.4
1942,12,8.699999999999999,8.4
1943,1,6.7,6.1
1943,2,6.7,6.1
1943,3,6.6,6.1
1943,4,6.6,6.1
1943,5,6.9,6.1
1943,6,5.9,6.1
1943,7,5.6,6.1
1943,8,6.5,6.1
1943,9,6.3,6.1
1943,10,5.4,6.1
1943,11,4.5,6.1
1943,12,5,6.1
1944,1,4.4,3.5
1944,2,4.3,3.5
1944,3,4.6,3.5
1944,4,4.8,3.5
1944,5,3.5,3.5
1944,6,3.7,3.5
1944,7,3,3.5
1944,8,1.7,3.5
1944,9,1.7,3.5
1944,10,3.4,3.5
1944,11,4.1,3.5
1944,12,3.9,3.5
1945,1,4,2.6
1945,2,3.3,2.6
1945,3,2.8,2.6
1945,4,2.4,2.6
1945,5,2.7,2.6
1945,6,2.5,2.6
1945,7,3.5,2.6
1945,8,3.5,2.6
1945,9,3,2.6
1945,10,1.8,2.6
1945,11,1.1,2.6
1945,12,.9,2.6
1946,1,1,1.4
1946,2,1.7,1.4
1946,3,2,1.4
1946,4,2,1.4
1946,5,1.5,1.4
1946,6,1.7,1.4
1946,7,.4,1.4
1946,8,.9,1.4
1946,9,1.1,1.4
1946,10,1.4,1.4
1946,11,1.9,1.4
1946,12,2,1.4
1947,1,1.9,4.2
1947,2,2.7,4.2
1947,3,3,4.2
1947,4,3.3,4.2
1947,5,3.9,4.2
1947,6,4.4,4.2
1947,7,5.5,4.2
1947,8,5.6,4.2
1947,9,5.6,4.2
1947,10,4.9,4.2
1947,11,4.3,4.2
1947,12,4.7,4.2
1948,1,4.8,5.8
1948,2,3.8,5.8
1948,3,4.3,5.8
1948,4,4.2,5.8
1948,5,4.9,5.8
1948,6,5.2,5.8
1948,7,6.6,5.8
1948,8,6.3,5.8
1948,9,7.3,5.8
1948,10,7.8,5.8
1948,11,7.6,5.8
1948,12,6.3,5.8
1949,1,6.6,3.7
1949,2,6.5,3.7
1949,3,5.2,3.7
1949,4,5.4,3.7
1949,5,5.1,3.7
1949,6,4.2,3.7
1949,7,2.1,3.7
1949,8,2.6,3.7
1949,9,1.6,3.7
1949,10,1,3.7
1949,11,1.5,3.7
1949,12,2.7,3.7
1950,1,2.4,4
1950,2,2.5,4
1950,3,2.9,4
1950,4,2.8,4
1950,5,3.2,4
1950,6,4.1,4
1950,7,4.3,4
1950,8,3.5,4
1950,9,3.5,4
1950,10,5.7,4
1950,11,5.8,4
1950,12,7.1,4
1951,1,7,7.3
1951,2,7,7.3
1951,3,7.1,7.3
1951,4,7.4,7.3
1951,5,7,7.3
1951,6,6.6,7.3
1951,7,7.8,7.3
1951,8,8.4,7.3
1951,9,8.4,7.3
1951,10,6.3,7.3
1951,11,6.7,7.3
1951,12,8.699999999999999,7.3
1952,1,9.699999999999999,8.699999999999999
1952,2,9.300000000000001,8.699999999999999
1952,3,8.699999999999999,8.699999999999999
1952,4,8.4,8.699999999999999
1952,5,7.7,8.699999999999999
1952,6,7.9,8.699999999999999
1952,7,7.1,8.699999999999999
1952,8,7.7,8.699999999999999
1952,9,10.4,8.699999999999999
1952,10,11,8.699999999999999
1952,11,10.4,8.699999999999999
1952,12,6.2,8.699999999999999
1953,1,4.4,3.5
1953,2,3.8,3.5
1953,3,4,3.5
1953,4,3.8,3.5
1953,5,3.9,3.5
1953,6,4.6,3.5
1953,7,4.5,3.5
1953,8,5.7,3.5
1953,9,3.3,3.5
1953,10,2.6,3.5
1953,11,1.1,3.5
1953,12,.7,3.5
1954,1,1.8,1.8
1954,2,2.2,1.8
1954,3,2.4,1.8
1954,4,2.6,1.8
1954,5,2.1,1.8
1954,6,1,1.8
1954,7,1.2,1.8
1954,8,-.3,1.8
1954,9,1,1.8
1954,10,1.3,1.8
1954,11,3,1.8
1954,12,4,1.8
1955,1,3.6,3.2
1955,2,3.8,3.2
1955,3,4,3.2
1955,4,3.5,3.2
1955,5,3.1,3.2
1955,6,3.1,3.2
1955,7,3.9,3.2
1955,8,3.2,3.2
1955,9,2.5,3.2
1955,10,3,3.2
1955,11,2.1,3.2
1955,12,1.9,3.2
1956,1,1.7,1.9
1956,2,2,1.9
1956,3,1.6,1.9
1956,4,2,1.9
1956,5,2.5,1.9
1956,6,2.4,1.9
1956,7,2.2,1.9
1956,8,1.9,1.9
1956,9,1.5,1.9
1956,10,1.2,1.9
1956,11,1.8,1.9
1956,12,1.9,1.9
1957,1,2.5,3
1957,2,2,3
1957,3,1.9,3
1957,4,1.5,3
1957,5,1.8,3
1957,6,1.8,3
1957,7,2,3
1957,8,4.8,3
1957,9,4.9,3
1957,10,4.7,3
1957,11,3.9,3
1957,12,3.8,3
1958,1,4,3.5
1958,2,3.9,3.5
1958,3,4.2,3.5
1958,4,4.6,3.5
1958,5,4.3,3.5
1958,6,4.2,3.5
1958,7,4.4,3.5
1958,8,2.7,3.5
1958,9,2,3.5
1958,10,2,3.5
1958,11,2.7,3.5
1958,12,3.1,3.5
1959,1,2.3,1.2
1959,2,1.9,1.2
1959,3,1.8,1.2
1959,4,1.4,1.2
1959,5,1.5,1.2
1959,6,1.6,1.2
1959,7,.6,1.2
1959,8,.3,1.2
1959,9,.5,1.2
1959,10,.6,1.2
1959,11,.8,1.2
1959,12,.7,1.2
1960,1,.8,1.4
1960,2,1.1,1.4
1960,3,1,1.4
1960,4,1.4,1.4
1960,5,1.4,1.4
1960,6,1.3,1.4
1960,7,1.6,1.4
1960,8,1.8,1.4
1960,9,1.5,1.4
1960,10,1.4,1.4
1960,11,1.3,1.4
1960,12,1.6,1.4
1961,1,1.6,1.9
1961,2,1.6,1.9
1961,3,1.7,1.9
1961,4,1.7,1.9
1961,5,2,1.9
1961,6,1.8,1.9
1961,7,1.9,1.9
1961,8,2,1.9
1961,9,2.2,1.9
1961,10,2.2,1.9
1961,11,2.4,1.9
1961,12,2,1.9
1962,1,1.6,1.5
1962,2,1.4,1.5
1962,3,1.5,1.5
1962,4,1.6,1.5
1962,5,1.8,1.5
1962,6,1.6,1.5
1962,7,1.8,1.5
1962,8,1.3,1.5
1962,9,1.4,1.5
1962,10,1.3,1.5
1962,11,1.2,1.5
1962,12,1,1.5
1963,1,1.9,1.2
1963,2,1.8,1.2
1963,3,1.6,1.2
1963,4,1.1,1.2
1963,5,.4,1.2
1963,6,.7,1.2
1963,7,.7,1.2
1963,8,1.6,1.2
1963,9,1.5,1.2
1963,10,1.5,1.2
1963,11,1.1,1.2
1963,12,1.5,1.2
1964,1,.9,2.4
1964,2,1.2,2.4
1964,3,1.6,2.4
1964,4,2.1,2.4
1964,5,2.1,2.4
1964,6,2.3,2.4
1964,7,2.8,2.4
1964,8,2.5,2.4
1964,9,3.1,2.4
1964,10,3.2,2.4
1964,11,4,2.4
1964,12,4.1,2.4
1965,1,4,3.6
1965,2,4,3.6
1965,3,3.9,3.6
1965,4,3.9,3.6
1965,5,4.1,3.6
1965,6,4,3.6
1965,7,4.2,3.6
1965,8,3.8,3.6
1965,9,2.8,3.6
1965,10,3.2,3.6
1965,11,2.9,3.6
1965,12,2.9,3.6
1966,1,3.3,3.6
1966,2,3.6,3.6
1966,3,3.2,3.6
1966,4,3.4,3.6
1966,5,3,3.6
1966,6,3.3,3.6
1966,7,2.7,3.6
1966,8,3,3.6
1966,9,4.5,3.6
1966,10,4.3,3.6
1966,11,4.6,3.6
1966,12,4.3,3.6
1967,1,4,3.4
1967,2,3.9,3.4
1967,3,3.9,3.4
1967,4,3.8,3.4
1967,5,4.2,3.4
1967,6,4,3.4
1967,7,3.9,3.4
1967,8,4.3,3.4
1967,9,2.9,3.4
1967,10,2.3,3.4
1967,11,1.7,3.4
1967,12,1.8,3.4
1968,1,1.7,1.7
1968,2,1.8,1.7
1968,3,1.7,1.7
1968,4,1.5,1.7
1968,5,1.3,1.7
1968,6,1.1,1.7
1968,7,1.5,1.7
1968,8,1.2,1.7
1968,9,1.7,1.7
1968,10,2,1.7
1968,11,2.7,1.7
1968,12,2.7,1.7
1969,1,2.8,3
1969,2,2.5,3
1969,3,2.8,3
1969,4,2.9,3
1969,5,3.4,3
1969,6,3.2,3
1969,7,2.6,3
1969,8,2,3
1969,9,2,3
1969,10,3.9,3
1969,11,3.5,3
1969,12,3.7,3
1970,1,3.6,5.3
1970,2,3.9,5.3
1970,3,4.1,5.3
1970,4,5.6,5.3
1970,5,5.4,5.3
1970,6,5.8,5.3
1970,7,6.1,5.3
1970,8,6.4,5.3
1970,9,6.6,5.3
1970,10,5.3,5.3
1970,11,5.1,5.3
1970,12,5,5.3
1971,1,5.4,6
1971,2,5.2,6
1971,3,5.4,6
1971,4,5.2,6
1971,5,5.7,6
1971,6,6.1,6
1971,7,6.3,6
1971,8,6.3,6
1971,9,6.3,6
1971,10,6.5,6
1971,11,6.8,6
1971,12,6.9,6
1972,1,6.7,6.5
1972,2,7,6.5
1972,3,6.7,6.5
1972,4,5.5,6.5
1972,5,5.7,6.5
1972,6,5.4,6.5
1972,7,5.7,6.5
1972,8,6.4,6.5
1972,9,7.2,6.5
1972,10,7.3,6.5
1972,11,7,6.5
1972,12,7.3,6.5
1973,1,8.300000000000001,9.5
1973,2,8.9,9.5
1973,3,9.9,9.5
1973,4,10.2,9.5
1973,5,9.9,9.5
1973,6,10,9.5
1973,7,9.800000000000001,9.5
1973,8,9.300000000000001,9.5
1973,9,8.9,9.5
1973,10,9.300000000000001,9.5
1973,11,10.2,9.5
1973,12,10,9.5
1974,1,8.9,11.6
1974,2,9.4,11.6
1974,3,9.699999999999999,11.6
1974,4,9.6,11.6
1974,5,9.699999999999999,11.6
1974,6,11.2,11.6
1974,7,12,11.6
1974,8,13.2,11.6
1974,9,13.8,11.6
1974,10,13.6,11.6
1974,11,13.6,11.6
1974,12,14.1,11.6
1975,1,15.2,13.5
1975,2,14.7,13.5
1975,3,13.7,13.5
1975,4,14.6,13.5
1975,5,14.8,13.5
1975,6,14.2,13.5
1975,7,13.7,13.5
1975,8,13,13.5
1975,9,12.2,13.5
1975,10,12.2,13.5
1975,11,12.3,13.5
1975,12,11.7,13.5
1976,1,11.4,11.1
1976,2,10.9,11.1
1976,3,11.5,11.1
1976,4,11.3,11.1
1976,5,11.6,11.1
1976,6,11.1,11.1
1976,7,10.9,11.1
1976,8,11.2,11.1
1976,9,11.4,11.1
1976,10,11.1,11.1
1976,11,10.4,11.1
1976,12,10.8,11.1
1977,1,10.7,11.3
1977,2,11.9,11.3
1977,3,11.8,11.3
1977,4,11.5,11.3
1977,5,11.1,11.3
1977,6,11,11.3
1977,7,11.3,11.3
1977,8,11.3,11.3
1977,9,11.3,11.3
1977,10,11.2,11.3
1977,11,11.4,11.3
1977,12,11.1,11.3
1978,1,11.3,10.9
1978,2,10.6,10.9
1978,3,9.9,10.9
1978,4,9.699999999999999,10.9
1978,5,9.5,10.9
1978,6,9.199999999999999,10.9
1978,7,12.5,10.9
1978,8,11.7,10.9
1978,9,11.7,10.9
1978,10,11.7,10.9
1978,11,11.5,10.9
1978,12,11.6,10.9
1979,1,11.6,13.2
1979,2,11.3,13.2
1979,3,12.6,13.2
1979,4,12.8,13.2
1979,5,12.8,13.2
1979,6,13.5,13.2
1979,7,12.9,13.2
1979,8,13.9,13.2
1979,9,14.3,13.2
1979,10,14.2,13.2
1979,11,14.2,13.2
1979,12,14,13.2
1980,1,13.8,13.8
1980,2,14.3,13.8
1980,3,13.1,13.8
1980,4,13.4,13.8
1980,5,14.1,13.8
1980,6,14.6,13.8
1980,7,12.2,13.8
1980,8,11.9,13.8
1980,9,12.8,13.8
1980,10,14.4,13.8
1980,11,14.9,13.8
1980,12,15.8,13.8
1981,1,15.5,15.2
1981,2,16,15.2
1981,3,16.2,15.2
1981,4,15.5,15.2
1981,5,15,15.2
1981,6,14.5,15.2
1981,7,15.5,15.2
1981,8,16.1,15.2
1981,9,15.6,15.2
1981,10,14.5,15.2
1981,11,14.4,15.2
1981,12,13.9,15.2
1982,1,13.9,14.7
1982,2,13.6,14.7
1982,3,15.4,14.7
1982,4,16.5,14.7
1982,5,16.5,14.7
1982,6,16.1,14.7
1982,7,14.4,14.7
1982,8,13.8,14.7
1982,9,14.1,14.7
1982,10,14.3,14.7
1982,11,14.2,14.7
1982,12,13.8,14.7
1983,1,14.4,12.4
1983,2,14.9,12.4
1983,3,13.6,12.4
1983,4,12.6,12.4
1983,5,12.8,12.4
1983,6,12.4,12.4
1983,7,12.1,12.4
1983,8,12.2,12.4
1983,9,10.9,12.4
1983,10,10.7,12.4
1983,11,10.6,12.4
1983,12,11,12.4
1984,1,10.3,11.6
1984,2,10,11.6
1984,3,10.2,11.6
1984,4,11,11.6
1984,5,11,11.6
1984,6,11.7,11.6
1984,7,12.4,11.6
1984,8,11.8,11.6
1984,9,12.2,11.6
1984,10,12.5,11.6
1984,11,13.3,11.6
1984,12,13.3,11.6
1985,1,13.3,16.1
1985,2,16,16.1
1985,3,15.1,16.1
1985,4,15.8,16.1
1985,5,16.1,16.1
1985,6,16.4,16.1
1985,7,15.9,16.1
1985,8,16.4,16.1
1985,9,16.6,16.1
1985,10,16.8,16.1
1985,11,16.9,16.1
1985,12,18.4,16.1
1986,1,20.7,18.7
1986,2,18.1,18.7
1986,3,18.9,18.7
1986,4,18.6,18.7
1986,5,17.5,18.7
1986,6,16.9,18.7
1986,7,18.2,18.7
1986,8,18.7,18.7
1986,9,19.7,18.7
1986,10,19.2,18.7
1986,11,19.2,18.7
1986,12,18.1,18.7
1987,1,16.1,16.1
1987,2,16.3,16.1
1987,3,16.8,16.1
1987,4,16.2,16.1
1987,5,17.3,16.1
1987,6,17.2,16.1
1987,7,16.3,16.1
1987,8,16.3,16.1
1987,9,15.8,16.1
1987,10,15.8,16.1
1987,11,15,16.1
1987,12,14.7,16.1
1988,1,14.2,12.9
1988,2,13.7,12.9
1988,3,13.4,12.9
1988,4,13.3,12.9
1988,5,12.9,12.9
1988,6,12.4,12.9
1988,7,12.4,12.9
1988,8,12.3,12.9
1988,9,12.4,12.9
1988,10,12.3,12.9
1988,11,12.4,12.9
1988,12,12.5,12.9
1989,1,13.3,14.7
1989,2,13.5,14.7
1989,3,13.8,14.7
1989,4,14,14.7
1989,5,14.9,14.7
1989,6,15.7,14.7
1989,7,13.5,14.7
1989,8,15.5,14.7
1989,9,14.9,14.7
1989,10,14.8,14.7
1989,11,14.9,14.7
1989,12,15.3,14.7
1990,1,15.1,14.4
1990,2,14.9,14.4
1990,3,14.9,14.4
1990,4,14.6,14.4
1990,5,13.9,14.4
1990,6,13.6,14.4
1990,7,13.3,14.4
1990,8,13.6,14.4
1990,9,14.3,14.4
1990,10,14,14.4
1990,11,15.3,14.4
1990,12,14.6,14.4
1991,1,14.3,15.3
1991,2,15,15.3
1991,3,15.7,15.3
1991,4,15.6,15.3
1991,5,15.2,15.3
1991,6,15.2,15.3
1991,7,15.8,15.3
1991,8,15.6,15.3
1991,9,15.4,15.3
1991,10,16.8,15.3
1991,11,15.5,15.3
1991,12,16.2,15.3
1992,1,15.8,13.9
1992,2,15.8,13.9
1992,3,15.7,13.9
1992,4,15.6,13.9
1992,5,14.8,13.9
1992,6,15.1,13.9
1992,7,14.6,13.9
1992,8,14.3,13.9
1992,9,13.5,13.9
1992,10,11.7,13.9
1992,11,11,13.9
1992,12,9.6,13.9
1993,1,9.699999999999999,9.699999999999999
1993,2,9,9.699999999999999
1993,3,9.699999999999999,9.699999999999999
1993,4,11,9.699999999999999
1993,5,10.6,9.699999999999999
1993,6,10,9.699999999999999
1993,7,9.9,9.699999999999999
1993,8,9.300000000000001,9.699999999999999
1993,9,9.1,9.699999999999999
1993,10,9.4,9.699999999999999
1993,11,9.199999999999999,9.699999999999999
1993,12,9.5,9.699999999999999
1994,1,9.9,9
1994,2,9.9,9
1994,3,9,9
1994,4,7.1,9
1994,5,7.2,9
1994,6,7.5,9
1994,7,8.199999999999999,9
1994,8,9.4,9
1994,9,10.1,9
1994,10,9.800000000000001,9
1994,11,9.9,9
1994,12,9.9,9
1995,1,9.6,8.699999999999999
1995,2,9.9,8.699999999999999
1995,3,10.2,8.699999999999999
1995,4,11,8.699999999999999
1995,5,10.8,8.699999999999999
1995,6,10,8.699999999999999
1995,7,9,8.699999999999999
1995,8,7.5,8.699999999999999
1995,9,6.4,8.699999999999999
1995,10,6.3,8.699999999999999
1995,11,6.4,8.699999999999999
1995,12,6.9,8.699999999999999
1996,1,6.9,7.4
1996,2,6.5,7.4
1996,3,6.3,7.4
1996,4,5.5,7.4
1996,5,5.9,7.4
1996,6,6.9,7.4
1996,7,7.1,7.4
1996,8,7.5,7.4
1996,9,8.4,7.4
1996,10,9.1,7.4
1996,11,9.199999999999999,7.4
1996,12,9.4,7.4
1997,1,9.4,8.6
1997,2,9.800000000000001,8.6
1997,3,9.6,8.6
1997,4,9.9,8.6
1997,5,9.5,8.6
1997,6,8.800000000000001,8.6
1997,7,9.1,8.6
1997,8,8.699999999999999,8.6
1997,9,8,8.6
1997,10,7.5,8.6
1997,11,6.8,8.6
1997,12,6.1,8.6
1998,1,5.6,6.9
1998,2,5.4,6.9
1998,3,5.4,6.9
1998,4,5,6.9
1998,5,5.1,6.9
1998,6,5.2,6.9
1998,7,6.6,6.9
1998,8,7.6,6.9
1998,9,9.1,6.9
1998,10,9,6.9
1998,11,9.4,6.9
1998,12,9,6.9
1999,1,8.9,5.1
1999,2,8.6,5.1
1999,3,7.9,5.1
1999,4,7.7,5.1
1999,5,7.1,5.1
1999,6,7.3,5.1
1999,7,4.9,5.1
1999,8,3.2,5.1
1999,9,1.9,5.1
1999,10,1.7,5.1
1999,11,1.9,5.1
1999,12,2.2,5.1
2000,1,2.6,5.3
2000,2,2.4,5.3
2000,3,3.4,5.3
2000,4,4.6,5.3
2000,5,5.1,5.3
2000,6,5.1,5.3
2000,7,5.9,5.3
2000,8,6.8,5.3
2000,9,6.8,5.3
2000,10,7.1,5.3
2000,11,7.1,5.3
2000,12,7,5.3
2001,1,7.1,5.7
2001,2,7.8,5.7
2001,3,7.4,5.7
2001,4,6.5,5.7
2001,5,6.4,5.7
2001,6,6.3,5.7
2001,7,5.3,5.7
2001,8,4.6,5.7
2001,9,4.4,5.7
2001,10,4,5.7
2001,11,4.3,5.7
2001,12,4.6,5.7
2002,1,5,9.199999999999999
2002,2,5.9,9.199999999999999
2002,3,6.2,9.199999999999999
2002,4,7.4,9.199999999999999
2002,5,7.8,9.199999999999999
2002,6,8,9.199999999999999
2002,7,9.6,9.199999999999999
2002,8,10.4,9.199999999999999
2002,9,11.2,9.199999999999999
2002,10,13,9.199999999999999
2002,11,12.9,9.199999999999999
2002,12,12.4,9.199999999999999
2003,1,11.6,5.8
2003,2,10.3,5.8
2003,3,10.2,5.8
2003,4,8.800000000000001,5.8
2003,5,7.8,5.8
2003,6,6.7,5.8
2003,7,5.2,5.8
2003,8,5.1,5.8
2003,9,3.7,5.8
2003,10,1.5,5.8
2003,11,.4,5.8
2003,12,.3,5.8
2004,1,.2,1.4
2004,2,.7,1.4
2004,3,.4,1.4
2004,4,.2,1.4
2004,5,.6,1.4
2004,6,1.2,1.4
2004,7,1.6,1.4
2004,8,1,1.4
2004,9,1.3,1.4
2004,10,2.4,1.4
2004,11,3.7,1.4
2004,12,3.4,1.4
2005,1,3,3.4
2005,2,2.6,3.4
2005,3,3,3.4
2005,4,3.4,3.4
2005,5,3.3,3.4
2005,6,2.8,3.4
2005,7,3.4,3.4
2005,8,3.9,3.4
2005,9,4.4,3.4
2005,10,4,3.4
2005,11,3.4,3.4
2005,12,3.6,3.4
2006,1,4,4.7
2006,2,3.9,4.7
2006,3,3.4,4.7
2006,4,3.3,4.7
2006,5,3.9,4.7
2006,6,4.9,4.7
2006,7,5,4.7
2006,8,5.4,4.7
2006,9,5.3,4.7
2006,10,5.4,4.7
2006,11,5.4,4.7
2006,12,5.8,4.7
2007,1,6,7.1
2007,2,5.7,7.1
2007,3,6.1,7.1
2007,4,7,7.1
2007,5,6.9,7.1
2007,6,7,7.1
2007,7,7,7.1
2007,8,6.7,7.1
2007,9,7.2,7.1
2007,10,7.9,7.1
2007,11,8.4,7.1
2007,12,9,7.1
2008,1,9.300000000000001,11.5
2008,2,9.800000000000001,11.5
2008,3,10.6,11.5
2008,4,11.1,11.5
2008,5,11.7,11.5
2008,6,12.2,11.5
2008,7,13.4,11.5
2008,8,13.7,11.5
2008,9,13.1,11.5
2008,10,12.1,11.5
2008,11,11.8,11.5
2008,12,9.5,11.5
2009,1,8.1,7.1
2009,2,8.6,7.1
2009,3,8.5,7.1
2009,4,8.4,7.1
2009,5,8,7.1
2009,6,6.9,7.1
2009,7,6.7,7.1
2009,8,6.4,7.1
2009,9,6.1,7.1
2009,10,5.9,7.1
2009,11,5.8,7.1
2009,12,6.3,7.1
2010,1,6.2,4.3
2010,2,5.7,4.3
2010,3,5.1,4.3
2010,4,4.8,4.3
2010,5,4.6,4.3
2010,6,4.1,4.3
2010,7,3.7,4.3
2010,8,3.5,4.3
2010,9,3.2,4.3
2010,10,3.4,4.3
2010,11,3.6,4.3
2010,12,3.5,4.3
2011,1,3.7,5
2011,2,3.7,5
2011,3,4.1,5
2011,4,4.2,5
2011,5,4.6,5
2011,6,5,5
2011,7,5.3,5
2011,8,5.3,5
2011,9,5.7,5
2011,10,6,5
2011,11,6.1,5
2011,12,6.1,5
2012,1,6.3,5.6
2012,2,6.1,5.6
2012,3,6,5.6
2012,4,6.1,5.6
2012,5,5.7,5.6
2012,6,5.5,5.6
2012,7,4.9,5.6
2012,8,5,5.6
2012,9,5.5,5.6
2012,10,5.6,5.6
2012,11,5.6,5.6
2012,12,5.7,5.6
2013,1,5.4,5.7
2013,2,5.9,5.7
2013,3,5.9,5.7
2013,4,5.9,5.7
2013,5,5.6,5.7
2013,6,5.5,5.7
2013,7,6.3,5.7
2013,8,6.4,5.7
2013,9,6,5.7
2013,10,5.5,5.7
2013,11,5.3,5.7
2013,12,5.4,5.7
2014,1,5.8,6.1
2014,2,5.9,6.1
2014,3,6,6.1
2014,4,6.1,6.1
2014,5,6.6,6.1
2014,6,6.6,6.1
2014,7,6.3,6.1
2014,8,6.4,6.1
2014,9,5.9,6.1
2014,10,5.9,6.1
2014,11,5.8,6.1
2014,12,5.3,6.1
2015,1,4.4,4.6
2015,2,3.9,4.6
2015,3,4,4.6
2015,4,4.5,4.6
2015,5,4.6,4.6
2015,6,4.7,4.6
2015,7,5,4.6
2015,8,4.6,4.6
2015,9,4.6,4.6
2015,10,4.7,4.6
2015,11,4.8,4.6
2015,12,5.2,4.6
2016,1,6.2,6.4
2016,2,7,6.4
2016,3,6.3,6.4
2016,4,6.2,6.4
2016,5,6.1,6.4
2016,6,6.3,6.4
2016,7,6,6.4
2016,8,5.9,6.4
2016,9,6.1,6.4
2016,10,6.4,6.4
2016,11,6.6,6.4
2016,12,6.8,6.4
2017,1,6.6,5.3
2017,2,6.3,5.3
2017,3,6.1,5.3
2017,4,5.3,5.3
2017,5,5.4,5.3
2017,6,5.1,5.3
2017,7,4.6,5.3
2017,8,4.8,5.3
2017,9,5.1,5.3
2017,10,4.8,5.3
2017,11,4.6,5.3
2017,12,4.7,5.3
2018,1,4.4,4.7
2018,2,4,4.7
2018,3,3.8,4.7
2018,4,4.5,4.7
2018,5,4.4,4.7
2018,6,4.6,4.7
2018,7,5.1,4.7
2018,8,4.9,4.7
2018,9,4.9,4.7
2018,10,5.1,4.7
2018,11,5.2,4.7
2018,12,4.5,4.7
2019,1,4,4.1
2019,2,4.1,4.1
2019,3,4.5,4.1
2019,4,4.4,4.1
2019,5,4.5,4.1
2019,6,4.5,4.1
2019,7,4,4.1
2019,8,4.3,4.1
2019,9,4.1,4.1
2019,10,3.7,4.1
2019,11,3.6,4.1
2019,12,4,4.1
2020,1,4.5,3.3
2020,2,4.6,3.3
2020,3,4.1,3.3
2020,4,3,3.3
2020,5,2.1,3.3
2020,6,2.2,3.3
2020,7,3.2,3.3
2020,8,3.1,3.3
2020,9,3,3.3
2020,10,3.3,3.3
2020,11,3.2,3.3
2020,12,3.1,3.3
2021,1,3.2,4.5
2021,2,2.9,4.5
2021,3,3.2,4.5
2021,4,4.4,4.5
2021,5,5.2,4.5
2021,6,4.9,4.5
2021,7,4.6,4.5
2021,8,4.9,4.5
2021,9,5,4.5
2021,10,5,4.5
2021,11,5.5,4.5
2021,12,5.9,4.5
2022,1,5.7,
2022,2,5.7,
2022,3,5.9,
2022,4,5.9,
2022,5,6.5,
2022,6,7.4,
2022,7,7.8,
2022,8,7.6,
2022,9,,
2022,10,,
2022,11,,
2022,12,,
